{
  "a11": 2.042573512866705,
  "a12": -0.004794162978712796,
  "a21": 0.000451612835795423,
  "a22": 2.0730328861517653,
  "tx": -7.9195768804687505,
  "ty": -12.194659275728412,
  "rms": 4.622025436179911,
  "pairs": [
    [
      [
        65.0,
        147.0
      ],
      [
        125.0,
        295.0
      ]
    ],
    [
      [
        143.0,
        231.0
      ],
      [
        280.0,
        465.0
      ]
    ],
    [
      [
        203.0,
        255.0
      ],
      [
        410.0,
        515.0
      ]
    ],
    [
      [
        216.0,
        227.0
      ],
      [
        430.0,
        470.0
      ]
    ],
    [
      [
        146.0,
        250.0
      ],
      [
        290.0,
        500.0
      ]
    ],
    [
      [
        161.0,
        238.0
      ],
      [
        323.0,
        480.0
      ]
    ],
    [
      [
        263.0,
        238.0
      ],
      [
        523.0,
        480.0
      ]
    ],
    [
      [
        261.0,
        251.0
      ],
      [
        533.0,
        505.0
      ]
    ],
    [
      [
        189.0,
        276.0
      ],
      [
        382.0,
        560.0
      ]
    ],
    [
      [
        145.0,
        288.0
      ],
      [
        295.0,
        585.0
      ]
    ],
    [
      [
        143.0,
        262.0
      ],
      [
        285.0,
        530.0
      ]
    ],
    [
      [
        144.0,
        270.0
      ],
      [
        280.0,
        550.0
      ]
    ],
    [
      [
        164.0,
        270.0
      ],
      [
        320.0,
        550.0
      ]
    ],
    [
      [
        184.0,
        270.0
      ],
      [
        360.0,
        550.0
      ]
    ],
    [
      [
        204.0,
        270.0
      ],
      [
        400.0,
        550.0
      ]
    ],
    [
      [
        180.0,
        212.0
      ],
      [
        360.0,
        420.0
      ]
    ]
  ],
  "transformed": [
    [
      124.14295949799629,
      292.5705298229078
    ],
    [
      283.0609838113874,
      466.7405180608481
    ],
    [
      405.5003346719006,
      516.5204040986382
    ],
    [
      432.1880269025717,
      458.48135425325415
    ],
    [
      289.09761525339195,
      506.12949773623893
    ],
    [
      319.7937479021371,
      481.2598772949548
    ],
    [
      528.1362462145411,
      481.305941804206
    ],
    [
      523.9887750700844,
      508.25446609850724
    ],
    [
      376.80362806921374,
      560.047772128124
    ],
    [
      286.8728635473342,
      584.9042957971703
    ],
    [
      282.9123647590473,
      531.0045375315528
    ],
    [
      284.91658496808435,
      547.5892522336028
    ],
    [
      325.76805522541844,
      547.5982844903186
    ],
    [
      366.6195254827525,
      547.6073167470346
    ],
    [
      407.4709957400866,
      547.6163490037505
    ],
    [
      358.72729288405105,
      427.36960289888907
    ]
  ]
}